Masina BMW uhhukj a fost adaugata.,2023-05-06 11:45:40
Masina BMW hfhasabf a fost adaugata, 2023-05-06 11:54:00
Motorul 1.4 140 a fost adaugat, 2023-05-06 11:54:22
Motorul 1.4 a fost adaugat la masina hfhasabf, 2023-05-06 11:54:45
Motorul 3.0 200 a fost adaugat, 2023-05-17 18:40:13
Motorul 3.0 200 a fost adaugat, 2023-05-17 18:43:18
Motorul 3.0 200 a fost adaugat, 2023-05-17 18:45:11
Motorul 3.0 200 a fost adaugat, 2023-05-18 11:03:10
Motorul 1.8 140 a fost adaugat, 2023-05-18 11:03:10
Motorul 1.8 140 a fost adaugat, 2023-05-18 11:03:10
Motorul 3.0 200 a fost adaugat, 2023-05-18 11:04:40
Motorul 1.8 140 a fost adaugat, 2023-05-18 11:04:40
Motorul 3.0 200 a fost adaugat, 2023-05-18 12:20:57
Motorul 1.8 140 a fost adaugat, 2023-05-18 12:20:57
Motorul 3.0 200 a fost adaugat, 2023-05-18 12:21:23
Motorul 1.8 140 a fost adaugat, 2023-05-18 12:21:23
Masina HONDA Civic a fost adaugata, 2023-05-18 12:21:23
Motorul 3.0 200 a fost adaugat, 2023-05-18 12:22:59
Motorul 1.8 140 a fost adaugat, 2023-05-18 12:22:59
Masina HONDA Civic a fost adaugata, 2023-05-18 12:22:59
Motorul 3.0 200 a fost adaugat, 2023-05-18 12:23:54
Motorul 1.8 140 a fost adaugat, 2023-05-18 12:23:54
Masina HONDA Civic a fost adaugata, 2023-05-18 12:23:54
Motorul 3.0 200 a fost adaugat, 2023-05-18 12:25:00
Motorul 1.8 140 a fost adaugat, 2023-05-18 12:25:00
Masina HONDA Civic a fost adaugata, 2023-05-18 12:25:00
Motorul 3.0 a fost adaugat la masina Civic, 2023-05-18 12:25:00
Motorul 3.0 200 a fost adaugat, 2023-05-18 12:25:29
Motorul 1.8 140 a fost adaugat, 2023-05-18 12:25:29
Masina HONDA Civic a fost adaugata, 2023-05-18 12:25:29
Motorul 3.0 a fost adaugat la masina Civic, 2023-05-18 12:25:29
Motorul 3.0 200 a fost adaugat, 2023-05-18 12:45:38
Motorul 1.8 140 a fost adaugat, 2023-05-18 12:45:38
Masina HONDA Civic a fost adaugata, 2023-05-18 12:45:38
Motorul 3.0 a fost adaugat la masina Civic, 2023-05-18 12:45:38
Motorul 3.0 200 a fost adaugat, 2023-05-18 12:47:05
Motorul 1.8 140 a fost adaugat, 2023-05-18 12:47:05
Masina HONDA Civic a fost adaugata, 2023-05-18 12:47:05
Motorul 3.0 a fost adaugat la masina Civic, 2023-05-18 12:47:05
Motocicleta YAMAHA YZF-R6 a fost adaugata, 2023-05-18 12:47:05
Motorul 1.8 a fost adaugat la motocicleta YZF-R6, 2023-05-18 12:47:05
Motorul 3.0 200 a fost adaugat, 2023-05-18 13:11:09
Motorul 1.8 140 a fost adaugat, 2023-05-18 13:11:09
Masina HONDA Civic a fost adaugata, 2023-05-18 13:11:09
Motorul 3.0 a fost adaugat la masina Civic, 2023-05-18 13:11:09
Motocicleta YAMAHA YZF-R6 a fost adaugata, 2023-05-18 13:11:09
Motorul 1.8 a fost adaugat la motocicleta YZF-R6, 2023-05-18 13:11:09
Masina BMW i9 a fost adaugata, 2023-05-18 13:11:34
Motorul 3.0 200 a fost adaugat, 2023-05-18 13:20:29
Motorul 1.8 140 a fost adaugat, 2023-05-18 13:20:29
Masina HONDA Civic a fost adaugata, 2023-05-18 13:20:29
Motorul 3.0 a fost adaugat la masina Civic, 2023-05-18 13:20:29
Masina BMW i9 a fost adaugata, 2023-05-18 13:20:29
Motocicleta YAMAHA YZF-R6 a fost adaugata, 2023-05-18 13:20:30
Motorul 1.8 a fost adaugat la motocicleta YZF-R6, 2023-05-18 13:20:30
Motorul 2.0 170 a fost adaugat, 2023-05-18 13:20:48
Motorul 3.0 200 a fost adaugat, 2023-05-18 13:21:37
Motorul 1.8 140 a fost adaugat, 2023-05-18 13:21:37
Masina HONDA Civic a fost adaugata, 2023-05-18 13:21:37
Motorul 3.0 a fost adaugat la masina Civic, 2023-05-18 13:21:37
Masina BMW i9 a fost adaugata, 2023-05-18 13:21:37
Motocicleta YAMAHA YZF-R6 a fost adaugata, 2023-05-18 13:21:37
Motorul 1.8 a fost adaugat la motocicleta YZF-R6, 2023-05-18 13:21:37
Motorul 2.0 200 a fost adaugat, 2023-05-18 13:22:16
Motorul 3.0 200 a fost adaugat, 2023-05-18 13:22:32
Motorul 1.8 140 a fost adaugat, 2023-05-18 13:22:32
Motorul 2.0 200 a fost adaugat, 2023-05-18 13:22:32
Masina HONDA Civic a fost adaugata, 2023-05-18 13:22:32
Motorul 3.0 a fost adaugat la masina Civic, 2023-05-18 13:22:32
Masina BMW i9 a fost adaugata, 2023-05-18 13:22:32
Motocicleta YAMAHA YZF-R6 a fost adaugata, 2023-05-18 13:22:32
Motorul 1.8 a fost adaugat la motocicleta YZF-R6, 2023-05-18 13:22:32
Motorul 3.0 200 a fost adaugat, 2023-05-18 13:53:26
Motorul 1.8 140 a fost adaugat, 2023-05-18 13:53:26
Motorul 2.0 200 a fost adaugat, 2023-05-18 13:53:26
Masina HONDA Civic a fost adaugata, 2023-05-18 13:53:26
Motorul 3.0 a fost adaugat la masina Civic, 2023-05-18 13:53:26
Masina BMW i9 a fost adaugata, 2023-05-18 13:53:26
Motocicleta YAMAHA YZF-R6 a fost adaugata, 2023-05-18 13:53:26
Motorul 1.8 a fost adaugat la motocicleta YZF-R6, 2023-05-18 13:53:26
Masina i9 a fost stearsa, 2023-05-18 13:53:48
Motorul 3.0 200 a fost adaugat, 2023-05-18 14:09:17
Motorul 1.8 140 a fost adaugat, 2023-05-18 14:09:17
Motorul 2.0 200 a fost adaugat, 2023-05-18 14:09:17
Masina HONDA Civic a fost adaugata, 2023-05-18 14:09:17
Motorul 3.0 a fost adaugat la masina Civic, 2023-05-18 14:09:17
Motocicleta YAMAHA YZF-R6 a fost adaugata, 2023-05-18 14:09:17
Motorul 1.8 a fost adaugat la motocicleta YZF-R6, 2023-05-18 14:09:17
Motorul 1.8 140 a fost sters, 2023-05-18 14:10:26
Motorul 3.0 200 a fost adaugat, 2023-05-18 14:10:57
Motorul 1.8 140 a fost adaugat, 2023-05-18 14:10:57
Motorul 2.0 200 a fost adaugat, 2023-05-18 14:10:57
Masina HONDA Civic a fost adaugata, 2023-05-18 14:10:57
Motorul 3.0 a fost adaugat la masina Civic, 2023-05-18 14:10:57
Motocicleta YAMAHA YZF-R6 a fost adaugata, 2023-05-18 14:10:57
Motorul 1.8 a fost adaugat la motocicleta YZF-R6, 2023-05-18 14:10:58
Motorul 1.8 140 a fost sters, 2023-05-18 14:11:13
Motorul 3.0 200 a fost adaugat, 2023-05-18 14:11:58
Motorul 1.8 140 a fost adaugat, 2023-05-18 14:11:58
Motorul 2.0 200 a fost adaugat, 2023-05-18 14:11:58
Masina HONDA Civic a fost adaugata, 2023-05-18 14:11:58
Motorul 3.0 a fost adaugat la masina Civic, 2023-05-18 14:11:58
Motocicleta YAMAHA YZF-R6 a fost adaugata, 2023-05-18 14:11:58
Motorul 1.8 a fost adaugat la motocicleta YZF-R6, 2023-05-18 14:11:58
Motorul 1.8 140 a fost sters, 2023-05-18 14:12:08
Motocicleta HARLEY Caczoro a fost adaugata, 2023-05-18 14:12:46
Motocicleta Caczoro a fost stearsa, 2023-05-18 14:13:18
Masina Civic a fost stearsa, 2023-05-18 14:13:56
Motorul 3.0 200 a fost adaugat, 2023-05-18 14:15:59
Motorul 2.0 200 a fost adaugat, 2023-05-18 14:15:59
Masina HONDA Civic a fost adaugata, 2023-05-18 14:15:59
Motorul 3.0 a fost adaugat la masina Civic, 2023-05-18 14:15:59
Motocicleta YAMAHA YZF-R6 a fost adaugata, 2023-05-18 14:15:59
Motocicleta HARLEY Caczoro a fost adaugata, 2023-05-18 14:15:59
Masina Civic a fost stearsa, 2023-05-18 14:16:03
Motorul 3.0 200 a fost adaugat, 2023-05-18 14:17:30
Motorul 2.0 200 a fost adaugat, 2023-05-18 14:17:30
Motocicleta YAMAHA YZF-R6 a fost adaugata, 2023-05-18 14:17:30
Motocicleta HARLEY Caczoro a fost adaugata, 2023-05-18 14:17:30
Motocicleta Caczoro a fost stearsa, 2023-05-18 14:17:46
Motocicleta KAWASAKI Bengaly a fost adaugata, 2023-05-18 14:18:43
Motocicleta Bengaly a fost stearsa, 2023-05-18 14:18:54
Masina OPEL Ampera a fost adaugata, 2023-05-18 14:19:19
Motorul 3.0 200 a fost adaugat, 2023-05-18 14:19:49
Motorul 2.0 200 a fost adaugat, 2023-05-18 14:19:49
Motocicleta YAMAHA YZF-R6 a fost adaugata, 2023-05-18 14:19:49
Motocicleta KAWASAKI Bengaly a fost adaugata, 2023-05-18 14:19:49
Masina OPEL Ampera a fost adaugata, 2023-05-18 14:20:00
Masina Ampera a fost stearsa, 2023-05-18 14:20:05
Motorul 3.0 200 a fost adaugat, 2023-05-18 14:24:24
Motorul 2.0 200 a fost adaugat, 2023-05-18 14:24:24
Masina OPEL Ampera a fost adaugata, 2023-05-18 14:24:24
Motocicleta YAMAHA YZF-R6 a fost adaugata, 2023-05-18 14:24:24
Motocicleta KAWASAKI Bengaly a fost adaugata, 2023-05-18 14:24:24
Masina MERCEDES GT AMG a fost adaugata, 2023-05-18 14:24:45
Masina GT AMG a fost stearsa, 2023-05-18 14:24:57
Masina Ampera a fost stearsa, 2023-05-18 14:25:12
Motocicleta HONDA RTCV6 a fost adaugata, 2023-05-18 14:25:43
Motocicleta RTCV6 a fost stearsa, 2023-05-18 14:26:04
Motorul 3.0 200 a fost adaugat, 2023-05-21 12:23:48
Motorul 2.0 200 a fost adaugat, 2023-05-21 12:23:48
Motocicleta YAMAHA YZF-R6 a fost adaugata, 2023-05-21 12:23:48
Motocicleta KAWASAKI Bengaly a fost adaugata, 2023-05-21 12:23:48
Motorul 2.0 a fost adaugat la motocicleta Bengaly, 2023-05-21 12:24:35
Motorul 3.0 200 a fost adaugat, 2023-05-21 12:50:57
Motorul 2.0 200 a fost adaugat, 2023-05-21 12:50:57
Motocicleta YAMAHA YZF-R6 a fost adaugata, 2023-05-21 12:50:57
Motocicleta KAWASAKI Bengaly a fost adaugata, 2023-05-21 12:50:57
Masina AUDI RS7 a fost adaugata, 2023-05-21 12:51:19
Motorul 3.0 200 a fost adaugat, 2023-05-21 12:53:15
Motorul 2.0 200 a fost adaugat, 2023-05-21 12:53:15
Masina AUDI RS7 a fost adaugata, 2023-05-21 12:53:15
Motocicleta YAMAHA YZF-R6 a fost adaugata, 2023-05-21 12:53:15
Motocicleta KAWASAKI Bengaly a fost adaugata, 2023-05-21 12:53:15
Motorul 3.0 200 a fost adaugat, 2023-05-21 12:54:34
Motorul 2.0 200 a fost adaugat, 2023-05-21 12:54:34
Masina AUDI RS7 a fost adaugata, 2023-05-21 12:54:34
Motocicleta YAMAHA YZF-R6 a fost adaugata, 2023-05-21 12:54:34
Motocicleta KAWASAKI Bengaly a fost adaugata, 2023-05-21 12:54:34
Motorul 2.0 a fost adaugat la masina RS7, 2023-05-21 12:54:41
Motorul 3.0 200 a fost adaugat, 2023-05-21 12:55:06
Motorul 2.0 200 a fost adaugat, 2023-05-21 12:55:06
Masina AUDI RS7 a fost adaugata, 2023-05-21 12:55:06
Motorul 2.0 a fost adaugat la masina RS7, 2023-05-21 12:55:06
Motocicleta YAMAHA YZF-R6 a fost adaugata, 2023-05-21 12:55:06
Motocicleta KAWASAKI Bengaly a fost adaugata, 2023-05-21 12:55:06
Motorul 3.0 200 a fost adaugat, 2023-05-21 13:07:04
Motorul 2.0 200 a fost adaugat, 2023-05-21 13:07:04
Masina AUDI RS7 a fost adaugata, 2023-05-21 13:07:04
Motorul 2.0 a fost adaugat la masina RS7, 2023-05-21 13:07:04
Motocicleta YAMAHA YZF-R6 a fost adaugata, 2023-05-21 13:07:04
Motocicleta KAWASAKI Bengaly a fost adaugata, 2023-05-21 13:07:04
Motorul 3.0 200 a fost adaugat, 2023-05-21 13:10:06
Motorul 2.0 200 a fost adaugat, 2023-05-21 13:10:06
Masina AUDI RS7 a fost adaugata, 2023-05-21 13:10:06
Motorul 2.0 a fost adaugat la masina RS7, 2023-05-21 13:10:06
Motocicleta YAMAHA YZF-R6 a fost adaugata, 2023-05-21 13:10:06
Motocicleta KAWASAKI Bengaly a fost adaugata, 2023-05-21 13:10:06
Motorul 3.0 a fost adaugat la masina RS7, 2023-05-21 13:10:16
Motorul 3.0 200 a fost adaugat, 2023-05-21 13:12:28
Motorul 2.0 200 a fost adaugat, 2023-05-21 13:12:28
Masina AUDI RS7 a fost adaugata, 2023-05-21 13:12:28
Motocicleta YAMAHA YZF-R6 a fost adaugata, 2023-05-21 13:12:28
Motocicleta KAWASAKI Bengaly a fost adaugata, 2023-05-21 13:12:28
Motorul 3.0 a fost adaugat la masina RS7, 2023-05-21 13:12:38
Motorul 2.0 a fost adaugat la masina RS7, 2023-05-21 13:12:53
Motorul 3.0 200 a fost adaugat, 2023-05-21 13:13:41
Motorul 2.0 200 a fost adaugat, 2023-05-21 13:13:41
Masina AUDI RS7 a fost adaugata, 2023-05-21 13:13:41
Motocicleta YAMAHA YZF-R6 a fost adaugata, 2023-05-21 13:13:41
Motocicleta KAWASAKI Bengaly a fost adaugata, 2023-05-21 13:13:41
Motorul 3.0 a fost adaugat la masina RS7, 2023-05-21 13:13:53
Motorul 3.0 200 a fost adaugat, 2023-05-21 13:15:57
Motorul 2.0 200 a fost adaugat, 2023-05-21 13:15:57
Masina AUDI RS7 a fost adaugata, 2023-05-21 13:15:57
Motorul 3.0 a fost adaugat la masina RS7, 2023-05-21 13:15:57
Motocicleta YAMAHA YZF-R6 a fost adaugata, 2023-05-21 13:15:57
Motocicleta KAWASAKI Bengaly a fost adaugata, 2023-05-21 13:15:57
Motorul 2.0 a fost adaugat la masina RS7, 2023-05-21 13:16:15
Motorul 3.0 a fost adaugat la masina RS7, 2023-05-21 13:16:33
Motorul 2.0 a fost adaugat la masina RS7, 2023-05-21 13:16:49
Motocicleta KAWASAKI Gamerlegion a fost adaugata, 2023-05-21 13:17:22
Motorul 3.0 200 a fost adaugat, 2023-05-21 13:18:09
Motorul 2.0 200 a fost adaugat, 2023-05-21 13:18:09
Masina AUDI RS7 a fost adaugata, 2023-05-21 13:18:09
Motorul 2.0 a fost adaugat la masina RS7, 2023-05-21 13:18:09
Motocicleta YAMAHA YZF-R6 a fost adaugata, 2023-05-21 13:18:09
Motocicleta KAWASAKI Bengaly a fost adaugata, 2023-05-21 13:18:09
Motorul 3.0 200 a fost adaugat, 2023-05-21 13:18:54
Motorul 2.0 200 a fost adaugat, 2023-05-21 13:18:54
Masina AUDI RS7 a fost adaugata, 2023-05-21 13:18:54
Motorul 2.0 a fost adaugat la masina RS7, 2023-05-21 13:18:54
Motocicleta YAMAHA YZF-R6 a fost adaugata, 2023-05-21 13:18:54
Motocicleta KAWASAKI Bengaly a fost adaugata, 2023-05-21 13:18:54
Motorul 2.0 a fost adaugat la motocicleta Bengaly, 2023-05-21 13:19:14
Motorul 3.0 200 a fost adaugat, 2023-05-21 13:23:52
Motorul 2.0 200 a fost adaugat, 2023-05-21 13:23:52
Masina AUDI RS7 a fost adaugata, 2023-05-21 13:23:52
Motorul 2.0 a fost adaugat la masina RS7, 2023-05-21 13:23:52
Motocicleta YAMAHA YZF-R6 a fost adaugata, 2023-05-21 13:23:52
Motocicleta KAWASAKI Bengaly a fost adaugata, 2023-05-21 13:23:52
Motorul 2.0 a fost adaugat la motocicleta Bengaly, 2023-05-21 13:23:52
Motorul 3.0 200 a fost adaugat, 2023-05-21 13:24:52
Motorul 2.0 200 a fost adaugat, 2023-05-21 13:24:52
Masina AUDI RS7 a fost adaugata, 2023-05-21 13:24:52
Motorul 2.0 a fost adaugat la masina RS7, 2023-05-21 13:24:52
Motocicleta YAMAHA YZF-R6 a fost adaugata, 2023-05-21 13:24:52
Motocicleta KAWASAKI Bengaly a fost adaugata, 2023-05-21 13:24:52
Motorul 2.0 a fost adaugat la motocicleta Bengaly, 2023-05-21 13:24:52
Motorul 2.0 200 a fost sters, 2023-05-21 13:25:44
Motorul 3.0 200 a fost adaugat, 2023-05-21 13:34:24
Masina AUDI RS7 a fost adaugata, 2023-05-21 13:34:24
Motocicleta YAMAHA YZF-R6 a fost adaugata, 2023-05-21 13:34:24
Motocicleta KAWASAKI Bengaly a fost adaugata, 2023-05-21 13:34:24
Motorul 3.0 200 a fost adaugat, 2023-05-21 13:34:26
Masina AUDI RS7 a fost adaugata, 2023-05-21 13:34:26
Motocicleta YAMAHA YZF-R6 a fost adaugata, 2023-05-21 13:34:26
Motocicleta KAWASAKI Bengaly a fost adaugata, 2023-05-21 13:34:26
Motorul 3.0 200 a fost adaugat, 2023-05-21 13:34:42
Masina AUDI RS7 a fost adaugata, 2023-05-21 13:34:42
Motocicleta YAMAHA YZF-R6 a fost adaugata, 2023-05-21 13:34:42
Motocicleta KAWASAKI Bengaly a fost adaugata, 2023-05-21 13:34:42
Motorul 1.8 190 a fost adaugat, 2023-05-21 13:35:33
Motorul 1.8 a fost adaugat la masina RS7, 2023-05-21 13:36:08
Motorul 1.8 a fost adaugat la motocicleta YZF-R6, 2023-05-21 13:36:20
Motorul 1.8 190 a fost sters, 2023-05-21 13:36:56
Motorul 3.0 200 a fost adaugat, 2023-05-21 13:38:21
Masina AUDI RS7 a fost adaugata, 2023-05-21 13:38:21
Motocicleta YAMAHA YZF-R6 a fost adaugata, 2023-05-21 13:38:21
Motocicleta KAWASAKI Bengaly a fost adaugata, 2023-05-21 13:38:21
